run,cost,time_seconds
1,9508.448228199017,0.23018407821655273
2,10076.941741102088,0.1356339454650879
3,10339.767154134357,0.19102883338928223
4,10060.530212376194,0.17414283752441406
5,10313.916489909234,0.1722245216369629
6,10028.106399152328,0.1677541732788086
7,10704.315874854932,0.2564692497253418
8,9805.187469357661,0.22548842430114746
9,11064.930551186664,0.12142801284790039
10,9278.982123363618,0.29871582984924316
