run,cost,time_seconds
1,10119.794122800413,60
2,10412.49072925177,60
3,9075.222660280639,60
4,9444.511320686834,60
5,10078.10551484695,60
