run,cost,time_seconds
1,12614.170396484078,60
2,11929.209641233265,60
3,10721.758407604746,60
4,12555.480328483543,60
5,11371.397026552711,60
