run,cost,time_seconds
1,11170.102276081354,0.032236337661743164
2,11008.849333645774,0.026987314224243164
3,11372.777146228902,0.022003889083862305
4,12675.269974708146,0.02285456657409668
5,11196.331773880725,0.01423025131225586
6,11305.065537464858,0.013500452041625977
7,10584.84969981699,0.013621330261230469
8,10763.250679117356,0.013648509979248047
9,11284.943192653624,0.014094114303588867
10,11047.729538346113,0.013626337051391602
